# ThaiWise · vocabulário C1 (Chula Superior, autoral). Registro formal e acadêmico.
## Governo e política | Government and politics
รัฐบาล	rát-tà-baan	governo	government
นายกรัฐมนตรี	naa-yók-rát-tà-mon-dtrii	primeiro-ministro	prime minister
รัฐสภา	rát-tà-sà-paa	parlamento	parliament
การเมือง	gaan-mʉʉang	política	politics
นโยบาย	ná-yoo-baai	política (diretriz), plano de governo	policy
พรรค	pák	partido	party (political)
ประชาชน	bprà-chaa-chon	o povo, a população	the people
ผู้แทน	pûu-tɛɛn	representante, deputado	representative
การเลือกตั้ง	gaan-lʉ̂ʉak-dtâng	eleição	election
กฎหมาย	gòt-mǎai	lei	law
รัฐธรรมนูญ	rát-tà-tam-má-nuun	constituição	constitution
อำนาจ	am-nâat	poder, autoridade	power
ฝ่ายค้าน	fàai-káan	oposição	opposition
ปฏิรูป	bpà-dtì-rûup	reformar; reforma	to reform
ประท้วง	bprà-túuang	protestar; protesto	to protest
คอร์รัปชัน	kɔɔ-ráp-chân	corrupção	corruption
งบประมาณ	ngóp-bprà-maan	orçamento	budget
ท้องถิ่น	tɔ́ɔng-tìn	local, regional	local
สิทธิ	sìt-tí	direito	right
เสรีภาพ	sěe-rii-pâap	liberdade	freedom
การปกครอง	gaan-bpòk-krɔɔng	governo, administração (o ato de governar)	governance
## Economia e trabalho | Economy and work
เศรษฐกิจ	sèet-tà-gìt	economia	economy
การค้า	gaan-káa	comércio	trade
ตลาดหุ้น	dtà-làat-hûn	bolsa de valores	stock market
ลงทุน	long-tun	investir	to invest
ภาษี	paa-sǐi	imposto	tax
เงินเฟ้อ	ngən-fə́ə	inflação	inflation
อัตรา	àt-dtraa	taxa, índice	rate
ดอกเบี้ย	dɔ̀ɔk-bîia	juros	interest
กำไร	gam-rai	lucro	profit
ขาดทุน	kàat-tun	ter prejuízo	to lose money
รายได้	raai-dâai	renda, receita	income
รายจ่าย	raai-jàai	despesa	expenditure
ส่งออก	sòng-ɔ̀ɔk	exportar	to export
นำเข้า	nam-kâo	importar	to import
อุตสาหกรรม	ùt-sǎa-hà-gam	indústria	industry
เกษตรกรรม	gà-sèet-dtrà-gam	agricultura	agriculture
ผลผลิต	pǒn-pà-lìt	produção, safra	output, yield
การว่างงาน	gaan-wâang-ngaan	desemprego	unemployment
สวัสดิการ	sà-wàt-dì-gaan	benefícios, bem-estar social	welfare
ค่าครองชีพ	kâa-krɔɔng-chîip	custo de vida	cost of living
หนี้	nîi	dívida	debt
วิกฤต	wí-grìt	crise	crisis
การแข่งขัน	gaan-kɛ̀ng-kǎn	concorrência, competição	competition
ผู้บริโภค	pûu-bɔɔ-rí-pôok	consumidor	consumer
ธุรกิจ	tú-rá-gìt	negócio, empresa	business
## Saúde pública e sociedade | Public health and society
สาธารณสุข	sǎa-taa-rá-ná-sùk	saúde pública	public health
โรคระบาด	rôok-rá-bàat	epidemia	epidemic
วัคซีน	wák-siin	vacina	vaccine
การรักษา	gaan-rák-sǎa	tratamento	treatment
ป้องกัน	bpɔ̂ng-gan	prevenir, proteger	to prevent
ผู้ป่วย	pûu-bpùuai	paciente, enfermo	patient
สุขภาพจิต	sùk-kà-pâap-jìt	saúde mental	mental health
สังคม	sǎng-kom	sociedade	society
ประชากร	bprà-chaa-gɔɔn	população (número)	population
ผู้สูงอายุ	pûu-sǔung-aa-yú	idoso	the elderly
ความเหลื่อมล้ำ	kwaam-lʉ̀ʉam-lám	desigualdade	inequality
ยาเสพติด	yaa-sèep-dtìt	droga, entorpecente	narcotics
การศึกษา	gaan-sʉ̀k-sǎa	educação	education
ความยากจน	kwaam-yâak-jon	pobreza	poverty
ชุมชน	chum-chon	comunidade	community
อาสาสมัคร	aa-sǎa-sà-màk	voluntário	volunteer
ประกันสังคม	bprà-gan-sǎng-kom	previdência social	social security
เยาวชน	yao-wá-chon	juventude	youth
ความรุนแรง	kwaam-run-rɛɛng	violência	violence
## Meio ambiente | Environment
สิ่งแวดล้อม	sìng-wɛ̂ɛt-lɔ́ɔm	meio ambiente	environment
มลพิษ	mon-lá-pít	poluição	pollution
ภาวะโลกร้อน	paa-wá-lôok-rɔ́ɔn	aquecimento global	global warming
อุณหภูมิ	un-hà-puum	temperatura	temperature
ภัยแล้ง	pai-lɛ́ɛng	seca	drought
ป่าไม้	bpàa-mái	floresta	forest
ทรัพยากร	sáp-pá-yaa-gɔɔn	recursos	resources
พลังงาน	pá-lang-ngaan	energia	energy
ขยะ	kà-yà	lixo	garbage
อนุรักษ์	à-nú-rák	conservar, preservar	to conserve
สัตว์ป่า	sàt-bpàa	animais selvagens	wildlife
ธรรมชาติ	tam-má-châat	natureza	nature
ฝุ่น	fùn	poeira, material particulado	dust
มหาสมุทร	má-hǎa-sà-mùt	oceano	ocean
ภูมิอากาศ	puu-mí-aa-gàat	clima	climate
ยั่งยืน	yâng-yʉʉn	sustentável, duradouro	sustainable
ปล่อย	bplɔ̀i	soltar, liberar, emitir	to release
แผ่นดินไหว	pɛ̀n-din-wǎi	terremoto	earthquake
## Ciência e tecnologia | Science and technology
วิทยาศาสตร์	wít-tá-yaa-sàat	ciência	science
เทคโนโลยี	ték-noo-loo-yii	tecnologia	technology
การวิจัย	gaan-wí-jai	pesquisa	research
ทดลอง	tót-lɔɔng	experimentar, testar	to experiment
ข้อมูล	kɔ̂ɔ-muun	dados, informação	data
ระบบ	rá-bòp	sistema	system
เครือข่าย	krʉʉa-kàai	rede	network
ปัญญาประดิษฐ์	bpan-yaa-bprà-dìt	inteligência artificial	artificial intelligence
ทฤษฎี	trít-sà-dii	teoria	theory
สมมติฐาน	sǒm-mút-dtì-tǎan	hipótese	hypothesis
ผลลัพธ์	pǒn-láp	resultado	result
วิเคราะห์	wí-krɔ́	analisar	to analyze
ค้นพบ	kón-póp	descobrir	to discover
นวัตกรรม	ná-wát-dtà-gam	inovação	innovation
ประดิษฐ์	bprà-dìt	inventar	to invent
ดาวเทียม	daao-tiiam	satélite	satellite
อวกาศ	à-wá-gàat	espaço sideral	outer space
พันธุกรรม	pan-tú-gam	genética, hereditariedade	heredity, genetics
การพัฒนา	gaan-pát-tá-naa	desenvolvimento	development
## Mídia e comunicação | Media and communication
สื่อ	sʉ̀ʉ	mídia, meio	media
บทความ	bòt-kwaam	artigo	article
นักข่าว	nák-kàao	jornalista, repórter	reporter
รายงาน	raai-ngaan	relatório; relatar	report
สัมภาษณ์	sǎm-pâat	entrevistar; entrevista	to interview
แถลงการณ์	tà-lɛ̌ɛng-gaan	comunicado oficial	statement
ข่าวลือ	kàao-lʉʉ	boato	rumor
โฆษณา	koo-sà-naa	propaganda, anúncio	advertisement
ประชาสัมพันธ์	bprà-chaa-sǎm-pan	relações públicas; divulgar	public relations
เผยแพร่	pə̌əi-prɛ̂ɛ	divulgar, difundir	to disseminate
วิจารณ์	wí-jaan	criticar, comentar	to criticize
บรรณาธิการ	ban-naa-tí-gaan	editor	editor
พาดหัว	pâat-hǔua	manchete	headline
ข้อเท็จจริง	kɔ̂ɔ-tét-jing	fato	fact
ข่าวปลอม	kàao-bplɔɔm	notícia falsa	fake news
ออกอากาศ	ɔ̀ɔk-aa-gàat	transmitir (rádio, TV)	to broadcast
ผู้ชม	pûu-chom	espectador, público	viewer
## Direito do cotidiano | Everyday law
ศาล	sǎan	tribunal	court
ทนายความ	tá-naai-kwaam	advogado	lawyer
ผู้พิพากษา	pûu-pí-pâak-sǎa	juiz	judge
คดี	ká-dii	processo, caso	lawsuit, case
ฟ้อง	fɔ́ɔng	processar, entrar com ação	to sue
จำเลย	jam-ləəi	réu	defendant
หลักฐาน	làk-tǎan	prova, evidência	evidence
พยาน	pá-yaan	testemunha	witness
ตัดสิน	dtàt-sǐn	julgar, decidir	to judge, decide
ละเมิด	lá-mə̂ət	violar, infringir	to violate
ใบอนุญาต	bai-à-nú-yâat	licença, alvará	license
ค่าปรับ	kâa-bpràp	multa	fine
จับกุม	jàp-gum	prender	to arrest
ข้อกล่าวหา	kɔ̂ɔ-glàao-hǎa	acusação	charge, accusation
ลิขสิทธิ์	lík-kà-sìt	direito autoral	copyright
มรดก	mɔɔ-rá-dòk	herança	inheritance
หย่า	yàa	divorciar-se	to divorce
พินัยกรรม	pí-nai-gam	testamento	will
ยุติธรรม	yút-dtì-tam	justo; justiça	fair; justice
## Conectivos e registro formal | Formal connectives
อย่างไรก็ตาม	yàang-rai-gɔ̂ɔ-dtaam	entretanto, no entanto	however
นอกจากนี้	nɔ̂ɔk-jàak-níi	além disso	moreover
เนื่องจาก	nʉ̂ʉang-jàak	devido a, uma vez que	due to, since
เพราะฉะนั้น	prɔ́-chà-nán	por isso, portanto	therefore
ทั้งนี้	táng-níi	nesse sentido, vale dizer	in this regard
ซึ่ง	sʉ̂ng	que, o qual (relativo formal)	which, that
โดยเฉพาะ	dooi-chà-pɔ́	especialmente	especially
กล่าวคือ	glàao-kʉʉ	ou seja, isto é	that is to say
ตลอดจน	dtà-lɔ̀ɔt-jon	bem como, assim como	as well as
สรุป	sà-rùp	resumir; em suma	to summarize
เกี่ยวข้อง	gìiao-kɔ̂ng	estar relacionado	to be related
ดำเนินการ	dam-nəən-gaan	executar, conduzir	to carry out
พิจารณา	pí-jaa-rá-naa	examinar, considerar	to consider
ประเด็น	bprà-den	questão, ponto (em debate)	issue, point
ยิ่ง	yîng	quanto mais; ainda mais	the more
